{
  "project_info": {
    "project_number": "256100271178",
    "firebase_url": "https://taxiapp-1488881331930.firebaseio.com",
    "project_id": "taxiapp-1488881331930",
    "storage_bucket": "taxiapp-1488881331930.appspot.com"
  },
  "client": [
    {
      "client_info": {
        "mobilesdk_app_id": "1:256100271178:android:17ceccb88b454d793412b3",
        "android_client_info": {
          "package_name": "com.apk.rudrapublicity1"
        }
      },
      "oauth_client": [
        {
          "client_id": "256100271178-dctfvdvnjkcqijehk5r3s955tmmoefb9.apps.googleusercontent.com",
          "client_type": 1,
          "android_info": {
            "package_name": "com.apk.rudrapublicity1",
            "certificate_hash": "aed3454574e7cd1d0c3a4901fe73662fc221d4dd"
          }
        },
        {
          "client_id": "256100271178-bh35ktfg6duoq2q5edjmq7cai80ehf7g.apps.googleusercontent.com",
          "client_type": 3
        }
      ],
      "api_key": [
        {
          "current_key": "AIzaSyCa-0TFVELt3JyEYzVlkPRUssYZ0CdPlDg"
        }
      ],
      "services": {
        "appinvite_service": {
          "other_platform_oauth_client": [
            {
              "client_id": "256100271178-bh35ktfg6duoq2q5edjmq7cai80ehf7g.apps.googleusercontent.com",
              "client_type": 3
            }
          ]
        }
      }
    },
    {
      "client_info": {
        "mobilesdk_app_id": "1:256100271178:android:123824d7cfdd14bb3412b3",
        "android_client_info": {
          "package_name": "com.example.userinteraction"
        }
      },
      "oauth_client": [
        {
          "client_id": "256100271178-bh35ktfg6duoq2q5edjmq7cai80ehf7g.apps.googleusercontent.com",
          "client_type": 3
        }
      ],
      "api_key": [
        {
          "current_key": "AIzaSyCa-0TFVELt3JyEYzVlkPRUssYZ0CdPlDg"
        }
      ],
      "services": {
        "appinvite_service": {
          "other_platform_oauth_client": [
            {
              "client_id": "256100271178-bh35ktfg6duoq2q5edjmq7cai80ehf7g.apps.googleusercontent.com",
              "client_type": 3
            }
          ]
        }
      }
    }
  ],
  "configuration_version": "1"
}